Random row 1;Random cell 2;Random cell 3;Random cell 4;Random cell 5;Random cell 6;Random cell 7;Random cell 8;Random cell 9;Random cell 10;Random cell 11;Random cell 12;Random cell 13;Random cell 14;Random cell 15;Random cell 16;Random cell 17;Random cell 18
Random row 2;Random cell 2;Random cell 3;Random cell 4;Random cell 5;Random cell 6;Random cell 7;Random cell 8;Random cell 9;Random cell 10;Random cell 11;Random cell 12;Random cell 13;Random cell 14;Random cell 15;Random cell 16;Random cell 17;Random cell 18
Random row 3;Random cell 2;Random cell 3;Random cell 4;Random cell 5;Random cell 6;Random cell 7;Random cell 8;Random cell 9;Random cell 10;Random cell 11;Random cell 12;Random cell 13;Random cell 14;Random cell 15;Random cell 16;Random cell 17;Random cell 18
Random row 4;Random cell 2;Random cell 3;Random cell 4;Random cell 5;Random cell 6;Random cell 7;Random cell 8;Random cell 9;Random cell 10;Random cell 11;Random cell 12;Random cell 13;Random cell 14;Random cell 15;Random cell 16;Random cell 17;Random cell 18
Random row 5;Random cell 2;Random cell 3;Random cell 4;Random cell 5Painting;Random cell 6;Random cell 7;Random cell 8;Random cell 9;Random cell 10;Random cell 11;Random cell 12;Random cell 13;Random cell 14;Random cell 15;Random cell 16;Random cell 17;Random cell 18
Random row 6;Random cell 2;Random cell 3;Random cell 4;Random cell 5;Random cell 6;Random cell 7;Random cell 8;Random cell 9;Random cell 10;Random cell 11;Random cell 12;Random cell 13;Random cell 14;Random cell 15;Random cell 16;Random cell 17;Random cell 18
Random row 7;Random cell 2;Random cell 3;Random cell 4;Random cell 5;Random cell 6;Random cell 7;Random cell 8;Random cell 9;Random cell 10;Random cell 11;Random cell 12;Random cell 13;Random cell 14;Random cell 15;Random cell 16;Random cell 17;Random cell 18
Random row 8;Random cell 2;Random cell 3;Random cell 4;Random cell 5;Random cell 6;Random cell 7;Random cell 8;Random cell 9;Random cell 10;Random cell 11;Random cell 12;Random cell 13;Random cell 14;Random cell 15;Random cell 16;Random cell 17;Random cell 18
Random row 9;Random cell 2;Random cell 3;Random cell 4;Random cell 5;Random cell 6;Random cell 7;Random cell 8;Random cell 9;Random cell 10;Random cell 11;Random cell 12;Random cell 13;Random cell 14;Random cell 15;Random cell 16;Random cell 17;Random cell 18
Random row 10;Random cell 2;Random cell 3;Random cell 4;Random cell 5;Random cell 6;Random cell 7;Random cell 8;Random cell 9;Random cell 10;Random cell 11;Random cell 12;Random cell 13;Random cell 14;Random cell 15;Random cell 16;Random cell 17;Random cell 18
Random row 11;Random cell 2;Random cell 3;Random cell 4;Random cell 5;Random cell 6;Random cell 7;Random cell 8;Random cell 9;Random cell 10;Random cell 11;Random cell 12;Random cell 13;Random cell 14;Random cell 15;Random cell 16;Random cell 17;Random cell 18
Random row 12;Random cell 2;Random cell 3;Random cell 4;Random cell 5;Random cell 6;Random cell 7;Random cell 8;Random cell 9;Random cell 10;Random cell 11;Random cell 12;Random cell 13;Random cell 14;Random cell 15;Random cell 16;Random cell 17;Random cell 18
Random row 13;Random cell 2;Random cell 3;Random cell 4;Random cell 5;Random cell 6;Random cell 7;Random cell 8;Random cell 9;Random cell 10;Random cell 11;Random cell 12;Random cell 13;Random cell 14;Random cell 15;Random cell 16;Random cell 17;Random cell 18
Random row 14;Random cell 2;Random cell 3;Random cell 4;Random cell 5;Random cell 6;Random cell 7;Random cell 8;Random cell 9;Random cell 10;Random cell 11;Random cell 12;Random cell 13;Random cell 14;Random cell 15;Random cell 16;Random cell 17;Random cell 18
Random row 15;Random cell 2;Random cell 3;Random cell 4;Random cell 5;Random cell 6;Random cell 7;Random cell 8;Random cell 9;Random cell 10;Random cell 11;Random cell 12;Random cell 13;Random cell 14;Random cell 15;Random cell 16;Random cell 17;Random cell 18
Random row 16;Random cell 2;Random cell 3;Random cell 4;Random cell 5;Random cell 6;Random cell 7;Random cell 8;Random cell 9;Random cell 10;Random cell 11;Random cell 12;Random cell 13;Random cell 14;Random cell 15;Random cell 16;Random cell 17;Random cell 18
Random row 17;Random cell 2;Random cell 3;Random cell 4;Random cell 5;Random cell 6;Random cell 7;Random cell 8;Random cell 9;Random cell 10;Random cell 11;Random cell 12;Random cell 13;Random cell 14;Random cell 15;Random cell 16;Random cell 17;Random cell 18
Random row 18;Random cell 2;Random cell 3;Random cell 4;Random cell 5;Random cell 6;Random cell 7;Random cell 8;Random cell 9;Random cell 10;Random cell 11;Random cell 12;Random cell 13;Random cell 14;Random cell 15;Random cell 16;Random cell 17;Random cell 18
Random row 19;Random cell 2;Random cell 3;Random cell 4;Random cell 5;Random cell 6;Random cell 7;Random cell 8;Random cell 9;Random cell 10;Random cell 11;Random cell 12;Random cell 13;Random cell 14;Random cell 15;Random cell 16;Random cell 17;Random cell 18
Random row 20;Random cell 2;Random cell 3;Random cell 4;Random cell 5;Random cell 6;Random cell 7;Random cell 8;Random cell 9;Random cell 10;Random cell 11;Random cell 12;Random cell 13;Random cell 14;Random cell 15;Random cell 16;Random cell 17;Random cell 18
Random row 21;Random cell 2;Random cell 3;Random cell 4;Random cell 5;Random cell 6;Random cell 7;Random cell 8;Random cell 9;Random cell 10;Random cell 11;Random cell 12;Random cell 13;Random cell 14;Random cell 15;Random cell 16;Random cell 17;Random cell 18
Random row 22;Random cell 2;Random cell 3;Random cell 4;Random cell 5;Random cell 6;Random cell 7;Random cell 8;Random cell 9;Random cell 10;Random cell 11;Random cell 12;Random cell 13;Random cell 14;Random cell 15;Random cell 16;Random cell 17;Random cell 18
Random row 23;Random cell 2;Random cell 3;Random cell 4;Random cell 5;Random cell 6;Random cell 7;Random cell 8;Random cell 9;Random cell 10;Random cell 11;Random cell 12;Random cell 13;Random cell 14;Random cell 15;Random cell 16;Random cell 17;Random cell 18
Random row 24;Random cell 2;Random cell 3;Random cell 4;Random cell 5;Random cell 6;Random cell 7;Random cell 8;Random cell 9;Random cell 10;Random cell 11;Random cell 12;Random cell 13;Random cell 14;Random cell 15;Random cell 16;Random cell 17;Random cell 18
Random row 25;Random cell 2;Random cell 3;Random cell 4;Random cell 5;Random cell 6;Random cell 7;Random cell 8;Random cell 9;Random cell 10;Random cell 11;Random cell 12;Random cell 13;Random cell 14;Random cell 15;Random cell 16;Random cell 17;Random cell 18
Random row 26;Random cell 2;Random cell 3;Random cell 4;Random cell 5;Random cell 6;Random cell 7;Random cell 8;Random cell 9;Random cell 10;Random cell 11;Random cell 12;Random cell 13;Random cell 14;Random cell 15;Random cell 16;Random cell 17;Random cell 18
Random row 27;Random cell 2;Random cell 3;Random cell 4;Random cell 5;Random cell 6;Random cell 7;Random cell 8;Random cell 9;Random cell 10;Random cell 11;Random cell 12;Random cell 13;Random cell 14;Random cell 15;Random cell 16;Random cell 17;Random cell 18
Random row 28;Random cell 2;Random cell 3;Random cell 4;Random cell 5;Random cell 6;Random cell 7;Random cell 8;Random cell 9;Random cell 10;Random cell 11;Random cell 12;Random cell 13;Random cell 14;Random cell 15;Random cell 16;Random cell 17;Random cell 18
Random row 29;Random cell 2;Random cell 3;Random cell 4;Random cell 5;Random cell 6;Random cell 7;Random cell 8;Random cell 9;Random cell 10;Random cell 11;Random cell 12;Random cell 13;Random cell 14;Random cell 15;Random cell 16;Random cell 17;Random cell 18
Random row 30;Random cell 2;Random cell 3;Random cell 4;Random cell 5;Random cell 6;Random cell 7;Random cell 8;Random cell 9;Random cell 10;Random cell 11;Random cell 12;Random cell 13;Random cell 14;Random cell 15;Random cell 16;Random cell 17;Random cell 18
Random row 31;Random cell 2;Random cell 3;Random cell 4;Random cell 5;Random cell 6;Random cell 7;Random cell 8;Random cell 9;Random cell 10;Random cell 11;Random cell 12;Random cell 13;Random cell 14;Random cell 15;Random cell 16;Random cell 17;Random cell 18
Random row 32;Random cell 2;Random cell 3;Random cell 4;Random cell 5;Random cell 6;Random cell 7;Random cell 8;Random cell 9;Random cell 10;Random cell 11;Random cell 12;Random cell 13;Random cell 14;Random cell 15;Random cell 16;Random cell 17;Random cell 18
Random row 33;Random cell 2;Random cell 3;Random cell 4;Random cell 5;Random cell 6;Random cell 7;Random cell 8;Random cell 9;Random cell 10;Random cell 11;Random cell 12;Random cell 13;Random cell 14;Random cell 15;Random cell 16;Random cell 17;Random cell 18
Random row 34;Random cell 2;Random cell 3;Random cell 4;Random cell 5;Random cell 6;Random cell 7;Random cell 8;Random cell 9;Random cell 10;Random cell 11;Random cell 12;Random cell 13;Random cell 14;Random cell 15;Random cell 16;Random cell 17;Random cell 18
Random row 35;Random cell 2;Random cell 3;Random cell 4;Random cell 5;Random cell 6;Random cell 7;Random cell 8;Random cell 9;Random cell 10;Random cell 11;Random cell 12;Random cell 13;Random cell 14;Random cell 15;Random cell 16;Random cell 17;Random cell 18
Random row 36;Random cell 2;Random cell 3;Random cell 4;Random cell 5;Random cell 6;Random cell 7;Random cell 8;Random cell 9;Random cell 10;Random cell 11;Random cell 12;Random cell 13;Random cell 14;Random cell 15;Random cell 16;Random cell 17;Random cell 18
Random row 37;Random cell 2;Random cell 3;Random cell 4;Random cell 5;Random cell 6;Random cell 7;Random cell 8;Random cell 9;Random cell 10;Random cell 11;Random cell 12;Random cell 13;Random cell 14;Random cell 15;Random cell 16;Random cell 17;Random cell 18
Random row 38;Random cell 2;Random cell 3;Random cell 4;Random cell 5;Random cell 6;Random cell 7;Random cell 8;Random cell 9;Random cell 10;Random cell 11;Random cell 12;Random cell 13;Random cell 14;Random cell 15;Random cell 16;Random cell 17;Random cell 18
Random row 39;Random cell 2;Random cell 3;Random cell 4;Random cell 5;Random cell 6;Random cell 7;Random cell 8;Random cell 9;Random cell 10;Random cell 11;Random cell 12;Random cell 13;Random cell 14;Random cell 15;Random cell 16;Random cell 17;Random cell 18
Random row 40;Random cell 2;Random cell 3;Random cell 4;Random cell 5;Random cell 6;Random cell 7;Random cell 8;Random cell 9;Random cell 10;Random cell 11;Random cell 12;Random cell 13;Random cell 14;Random cell 15;Random cell 16;Random cell 17;Random cell 18
Random row 41;Random cell 2;Random cell 3;Random cell 4;Random cell 5;Random cell 6;Random cell 7;Random cell 8;Random cell 9;Random cell 10;Random cell 11;Random cell 12;Random cell 13;Random cell 14;Random cell 15;Random cell 16;Random cell 17;Random cell 18
Random row 42;Random cell 2;Random cell 3;Random cell 4;Random cell 5;Random cell 6;Random cell 7;Random cell 8;Random cell 9;Random cell 10;Random cell 11;Random cell 12;Random cell 13;Random cell 14;Random cell 15;Random cell 16;Random cell 17;Random cell 18
Random row 43;Random cell 2;Random cell 3;Random cell 4;Random cell 5;Random cell 6;Random cell 7;Random cell 8;Random cell 9;Random cell 10;Random cell 11;Random cell 12;Random cell 13;Random cell 14;Random cell 15;Random cell 16;Random cell 17;Random cell 18
Random row 44;Random cell 2;Random cell 3;Random cell 4;Random cell 5;Random cell 6;Random cell 7;Random cell 8;Random cell 9;Random cell 10;Random cell 11;Random cell 12;Random cell 13;Random cell 14;Random cell 15;Random cell 16;Random cell 17;Random cell 18
Random row 45;Random cell 2;Random cell 3;Random cell 4;Random cell 5;Random cell 6;Random cell 7;Random cell 8;Random cell 9;Random cell 10;Random cell 11;Random cell 12;Random cell 13;Random cell 14;Random cell 15;Random cell 16;Random cell 17;Random cell 18
Random row 46;Random cell 2;Random cell 3;Random cell 4;Random cell 5;Random cell 6;Random cell 7;Random cell 8;Random cell 9;Random cell 10;Random cell 11;Random cell 12;Random cell 13;Random cell 14;Random cell 15;Random cell 16;Random cell 17;Random cell 18
Random row 47;Random cell 2;Random cell 3;Random cell 4;Random cell 5;Random cell 6;Random cell 7;Random cell 8;Random cell 9;Random cell 10;Random cell 11;Random cell 12;Random cell 13;Random cell 14;Random cell 15;Random cell 16;Random cell 17;Random cell 18
Random row 48;Random cell 2;Random cell 3;Random cell 4;Random cell 5;Random cell 6;Random cell 7;Random cell 8;Random cell 9;Random cell 10;Random cell 11;Random cell 12;Random cell 13;Random cell 14;Random cell 15;Random cell 16;Random cell 17;Random cell 18
Random row 49;Random cell 2;Random cell 3;Random cell 4;Random cell 5;Random cell 6;Random cell 7;Random cell 8;Random cell 9;Random cell 10;Random cell 11;Random cell 12;Random cell 13;Random cell 14;Random cell 15;Random cell 16;Random cell 17;Random cell 18
Random row 50;Random cell 2;Random cell 3;Random cell 4;Random cell 5;Random cell 6;Random cell 7;Random cell 8;Random cell 9;Random cell 10;Random cell 11;Random cell 12;Random cell 13;Random cell 14;Random cell 15;Random cell 16;Random cell 17;Random cell 18
Random row 51;Random cell 2;Random cell 3;Random cell 4;Random cell 5;Random cell 6;Random cell 7;Random cell 8;Random cell 9;Random cell 10;Random cell 11;Random cell 12;Random cell 13;Random cell 14;Random cell 15;Random cell 16;Random cell 17;Random cell 18
Random row 52;Random cell 2;Random cell 3;Random cell 4;Random cell 5;Random cell 6;Random cell 7;Random cell 8;Random cell 9;Random cell 10;Random cell 11;Random cell 12;Random cell 13;Random cell 14;Random cell 15;Random cell 16;Random cell 17;Random cell 18
Random row 53;Random cell 2;Random cell 3;Random cell 4;Random cell 5;Random cell 6;Random cell 7;Random cell 8;Random cell 9;Random cell 10;Random cell 11;Random cell 12;Random cell 13;Random cell 14;Random cell 15;Random cell 16;Random cell 17;Random cell 18
Random row 54;Random cell 2;Random cell 3;Random cell 4;Random cell 5;Random cell 6;Random cell 7;Random cell 8;Random cell 9;Random cell 10;Random cell 11;Random cell 12;Random cell 13;Random cell 14;Random cell 15;Random cell 16;Random cell 17;Random cell 18
Random row 55;Random cell 2;Random cell 3;Random cell 4;Random cell 5;Random cell 6;Random cell 7;Random cell 8;Random cell 9;Random cell 10;Random cell 11;Random cell 12;Random cell 13;Random cell 14;Random cell 15;Random cell 16;Random cell 17;Random cell 18
Random row 56;Random cell 2;Random cell 3;Random cell 4;Random cell 5;Random cell 6;Random cell 7;Random cell 8;Random cell 9;Random cell 10;Random cell 11;Random cell 12;Random cell 13;Random cell 14;Random cell 15;Random cell 16;Random cell 17;Random cell 18
Random row 57;Random cell 2;Random cell 3;Random cell 4;Random cell 5;Random cell 6;Random cell 7;Random cell 8;Random cell 9;Random cell 10;Random cell 11;Random cell 12;Random cell 13;Random cell 14;Random cell 15;Random cell 16;Random cell 17;Random cell 18
Random row 58;Random cell 2;Random cell 3;Random cell 4;Random cell 5;Random cell 6;Random cell 7;Random cell 8;Random cell 9;Random cell 10;Random cell 11;Random cell 12;Random cell 13;Random cell 14;Random cell 15;Random cell 16;Random cell 17;Random cell 18
Random row 59;Random cell 2;Random cell 3;Random cell 4;Random cell 5;Random cell 6;Random cell 7;Random cell 8;Random cell 9;Random cell 10;Random cell 11;Random cell 12;Random cell 13;Random cell 14;Random cell 15;Random cell 16;Random cell 17;Random cell 18
Random row 60;Random cell 2;Random cell 3;Random cell 4;Random cell 5;Random cell 6;Random cell 7;Random cell 8;Random cell 9;Random cell 10;Random cell 11;Random cell 12;Random cell 13;Random cell 14;Random cell 15;Random cell 16;Random cell 17;Random cell 18
